<beans xmlns="http://www.springframework.org/schema/beans"
       xmlns:xsi="http://www.w3.org/2001/XMLSchema-instance"
       xsi:schemaLocation="http://www.springframework.org/schema/beans
    http://www.springframework.org/schema/beans/spring-beans-3.0.xsd">

    <bean id="CanvasOperationExecutor" class="com.cs.invoker.CanvasOperationExecutor">
        <property name="canvasOperationList" ref="canvasOperationListFactory" />
    </bean>

    <bean id="canvasOperationListFactory"
          class="org.springframework.beans.factory.config.ListFactoryBean">
        <property name="sourceList">
            <list>
                <ref bean="PaintCanvas" />
                <ref bean="PaintLine" />
                <ref bean="PaintRectangle" />
                <ref bean="BucketFill" />
            </list>
        </property>
        <property name="targetListClass">
            <value>java.util.LinkedList</value>
        </property>
    </bean>
    <bean id="PaintCanvas" class="com.cs.operation.PaintCanvas" />
    <bean id="PaintLine" class="com.cs.operation.PaintLine" />
    <bean id="PaintRectangle" class="com.cs.operation.PaintRectangle" />
    <bean id="BucketFill" class="com.cs.operation.BucketFill" />
</beans>